,sigma,rmse_nn_train,rmse_nn_test,rmse_mdl_train,rmse_mdl_test
0,0.12,0.16904005842054287,0.68523797647197,0.050646157766584335,0.19197566398915605
1,0.14,0.08209162937363436,0.26369960384433944,0.06495393144439343,0.28499127719627243
2,0.16,0.10979738448851482,0.40030973028272976,0.06820809720467,0.20839712639422076
3,0.18,0.10184813145208177,0.3775737770432326,0.06781469058205683,0.286291246017199
4,0.2,0.10272237488131752,0.18806156467552954,0.08369345531119651,0.25852900406155854
